{
  "kp": {
    "x": 27.598314285,
    "y": 21.174999237,
    "z": 38.352725982
  },
  "kr": {
    "x": -3860.37648,
    "y": 2960.500122,
    "z": 536.93817138
  },
  "kunl": {
    "k": 1000000.0
  }
}
